numer;nazwa;seria;nasza_cena;zrodlo_naszej;CENA_Z_LEGO_PL
10342;Piękny bukiet różowych kwiatów;Botanicals;249.99;katalog (niepewne);
10343;Mała orchidea;Botanicals;124.99;katalog (niepewne);
10344;Dracena sandera;Botanicals;124.99;katalog (niepewne);
10347;Mały słoneczny bukiet;Botanicals;124.99;katalog (niepewne);
10348;Klon palmowy bonsai;Botanicals;249.99;katalog (niepewne);
10349;Wesołe roślinki;Botanicals;81.99;katalog (niepewne);
10372;Hibiskus;Botanicals;299.99;katalog (niepewne);
10374;Bukiet różowych róż;Botanicals;249.99;katalog (niepewne);
11501;Bukiet tulipanów;Botanicals;;BRAK;
11502;Bukiet słoneczników;Botanicals;249.99;katalog (niepewne);
11503;Kwiatowa ścianka;Botanicals;;BRAK;
11504;Skrzydłokwiat;Botanicals;249.99;katalog (niepewne);
11505;Grzyby leśne;Botanicals;339.99;zweryfikowane;
11506;Bujające się roślinki;Botanicals;81.99;katalog (niepewne);
11507;Bukiet kwiatów;Botanicals;189.99;zweryfikowane;
11508;Stokrotki;Botanicals;61.99;katalog (niepewne);
11509;Kwitnący kaktus;Botanicals;124.99;katalog (niepewne);
11510;Gałązki magnolii;Botanicals;219.99;katalog (niepewne);
11511;Lilie wodne;Botanicals;169.99;zweryfikowane;
11512;Wiszące epipremnum złociste;Botanicals;249.99;zweryfikowane;
11513;Kompozycja z ciemnych kwiatów;Botanicals;249.99;zweryfikowane;
11514;Kosmosy;Botanicals;61.99;zweryfikowane;
30701;Kwiaty polne;Botanicals;16.99;katalog (niepewne);
40460;Róże;Botanicals;;BRAK;
40524;Słoneczniki;Botanicals;61.99;katalog (niepewne);
40725;Kwiaty wiśni;Botanicals;61.99;katalog (niepewne);
40856;The Mandalorian and Grogu: Sojusznicy i złoczyńcy;BrickHeadz;;BRAK;
40858;Figurka SpongeBoba Kanciastoportego;BrickHeadz;;zweryfikowane;
40859;Figurki Supermana i Batmana ze Złotej Ery;BrickHeadz;;zweryfikowane;
40860;Toy Story;BrickHeadz;169.99;zweryfikowane;
40861;Figurki Sulley'ego, Mike'a i Boo;BrickHeadz;104.99;katalog (niepewne);
40878;Figurki Wojowniczych żółwi ninja;BrickHeadz;169.99;katalog (niepewne);
40879;Figurki Jedenastki, Max, Demogorgona i Holly;BrickHeadz;169.99;katalog (niepewne);
40880;Avengers: Doomsday Bohaterowie i złoczyńca;BrickHeadz;;zweryfikowane;
40881;Lama Zaopatrzeniowa i Palucha Rybnego — figurki;BrickHeadz;104.99;katalog (niepewne);
40910;Mistrz Rzucania Mięsem i Podniebna - figurki;BrickHeadz;;BRAK;
40919;Figurki gremlinów: Gizmo i Stripe;BrickHeadz;;zweryfikowane;
40922;Lilo i Stitch: Andzia;BrickHeadz;;BRAK;
40923;Figurki Shreka, Osła i Ciastka;BrickHeadz;104.99;zweryfikowane;
40924;Megatron jako robot i pojazd;BrickHeadz;104.99;zweryfikowane;
40925;Alicja w Krainie Czarów;BrickHeadz;169.99;zweryfikowane;
30665;Spotkanie z małym gorylem;City;16.99;katalog (niepewne);
30693;Policyjny skuter wodny;City;16.99;katalog (niepewne);
30694;Kosmiczny mech naukowy;City;16.99;katalog (niepewne);
30719;Gokart wyścigowy;City;16.99;katalog (niepewne);
60198;Pociąg towarowy;City;829.99;katalog (niepewne);
60205;Tory;City;84.99;katalog (niepewne);
60238;Zwrotnice;City;84.99;katalog (niepewne);
60293;Park kaskaderski;City;129.99;katalog (niepewne);
60294;Ciężarówka kaskaderska;City;269.99;katalog (niepewne);
60295;Arena pokazów kaskaderskich;City;469.99;katalog (niepewne);
60304;Płyty drogowe;City;81.99;katalog (niepewne);
60312;Radiowóz;City;42.99;katalog (niepewne);
60316;Posterunek policji;City;274.99;katalog (niepewne);
60337;Ekspresowy pociąg pasażerski;City;689.99;katalog (niepewne);
60338;Kaskaderska pętla i szympans demolka;City;249.99;katalog (niepewne);
60339;Kaskaderska arena z dwoma pętlami;City;699.99;katalog (niepewne);
60340;Wyzwanie kaskaderskie: ostrze;City;79.99;katalog (niepewne);
60341;Wyzwanie kaskaderskie: przewracanie;City;84.99;katalog (niepewne);
60355;Śledztwa wodnej policji;City;129.99;katalog (niepewne);
60357;Wyzwanie kaskaderskie - ciężarówka i ogniste obręcze;City;229.99;katalog (niepewne);
60360;Wyzwanie kaskaderskie – obracające się okręgi;City;149.99;katalog (niepewne);
60361;Ekstremalne wyzwanie kaskaderskie;City;419.99;katalog (niepewne);
60367;Samolot pasażerski;City;419.99;katalog (niepewne);
60368;Łódź badacza Arktyki;City;649.99;katalog (niepewne);
60373;Łódź strażacka;City;81.99;katalog (niepewne);
60400;Gokarty i kierowcy wyścigowi;City;42.99;katalog (niepewne);
60401;Walec budowlany;City;42.99;katalog (niepewne);
60402;Niebieski monster truck;City;64.99;katalog (niepewne);
60403;Karetka i snowboardzista;City;84.99;katalog (niepewne);
60404;Ciężarówka z burgerami;City;81.99;katalog (niepewne);
60407;Czerwony, piętrowy autokar;City;124.99;katalog (niepewne);
60411;Strażacki helikopter ratunkowy;City;42.99;katalog (niepewne);
60414;Remiza strażacka z wozem strażackim;City;339.99;katalog (niepewne);
60415;Pościg radiowozu za muscle carem;City;84.99;katalog (niepewne);
60419;Policja z Więziennej Wyspy;City;419.99;katalog (niepewne);
60422;Nadmorski port ze statkiem towarowym;City;469.99;katalog (niepewne);
60423;Tramwaj miejski ze stacją;City;379.99;katalog (niepewne);
60426;Terenówka badacza dżungli;City;124.99;katalog (niepewne);
60429;Statek kosmiczny i odkrywanie asteroidy;City;84.99;katalog (niepewne);
60430;Statek międzygwiezdny;City;81.99;katalog (niepewne);
60433;Modułowa stacja kosmiczna;City;429.99;katalog (niepewne);
60436;Kalendarz adwentowy 2024;City;119.99;katalog (niepewne);
60442;F1 Kierowca i bolid McLaren;City;54.99;katalog (niepewne);
60443;F1 Pit stop i mechanicy z bolidem Ferrari;City;124.99;katalog (niepewne);
60444;F1 Garaż i bolidy Mercedes-AMG i Alpine;City;349.99;katalog (niepewne);
60445;F1 Ciężarówka z bolidami RB20 i AMR24 F1;City;419.99;katalog (niepewne);
60447;Górska ciężarówka terenowa 4x4;City;81.99;katalog (niepewne);
60448;Czerwony samochód sportowy;City;42.99;katalog (niepewne);
60450;Żółta ładowarka kołowa;City;64.99;katalog (niepewne);
60451;Karetka pogotowia;City;81.99;katalog (niepewne);
60452;Mobilna pączkarnia;City;84.99;katalog (niepewne);
60453;Furgonetka ratowników plażowych;City;109.99;katalog (niepewne);
60454;Wakacyjny kamper pełen przygód;City;124.99;katalog (niepewne);
60455;Pościg na motocyklu policyjnym;City;42.99;katalog (niepewne);
60456;Pościg łodzią policyjną;City;124.99;katalog (niepewne);
60458;Zestaw wyścigówek: pizza kontra wóz strażacki;City;42.99;katalog (niepewne);
60459;Zestaw wyścigówek: samolot kontra łóżko szpitalne;City;42.99;katalog (niepewne);
60460;Bez granic: tor z rampami dla wyścigówek;City;219.99;katalog (niepewne);
60461;Czerwony traktor z przyczepą i owcą;City;84.99;katalog (niepewne);
60462;Zestaw z helikopterem, wozem strażackim i łodzią podwodną;City;259.99;katalog (niepewne);
60463;Wóz strażacki z drabiną;City;81.99;katalog (niepewne);
60464;F1 Bolidy Williams Racing i Haas F1;City;84.99;katalog (niepewne);
60465;Samolot pogotowia ratunkowego;City;209.99;katalog (niepewne);
60466;Żółty buldożer;City;249.99;katalog (niepewne);
60469;Centralny dworzec kolejowy;City;379.99;katalog (niepewne);
60470;Ekspres polarny arktycznych odkrywców;City;869.99;katalog (niepewne);
60471;Ciężarówka z laboratorium arktycznej odkrywczyni;City;469.99;katalog (niepewne);
60472;Złomowisko z samochodami;City;349.99;katalog (niepewne);
60475;Kalendarz adwentowy 2025;City;119.99;katalog (niepewne);
60478;Betoniarka;City;169.99;katalog (niepewne);
60479;Furgonetka policyjnego konwoju więziennego;City;81.99;katalog (niepewne);
60480;Żółta koparko-ładowarka;City;124.99;zweryfikowane;
60481;Pojazdy — Ciężarówka policyjna;City;41.99;katalog (niepewne);
60482;Pojazdy — Wóz strażacki;City;42.99;katalog (niepewne);
60483;Pojazdy — Ładowarka kołowa;City;42.99;katalog (niepewne);
60484;Pojazdy — Gamingowa wyścigówka;City;41.99;katalog (niepewne);
60485;Hot Rod;City;41.99;katalog (niepewne);
60486;Supersamochód elektryczny;City;41.99;katalog (niepewne);
60487;Żółta taksówka;City;61.99;katalog (niepewne);
60488;Food truck z frytkami;City;81.99;katalog (niepewne);
60489;Odrzutowiec kontra samochód;City;129.99;katalog (niepewne);
60490;Pług śnieżny;City;104.99;katalog (niepewne);
60491;Laweta dla motocykli;City;84.99;katalog (niepewne);
60492;Samolot pasażerski;City;124.99;zweryfikowane;
60493;Ciężarówka F1 z bolidem Audi F1;City;189.99;katalog (niepewne);
60494;Wywrotka i ładowarka czołowa;City;519.99;zweryfikowane;
60495;Ciężarówka recyklingowa;City;169.99;katalog (niepewne);
60496;Dostawa pizzy z pojazdami;City;209.99;zweryfikowane;
60497;Automatyczna myjnia samochodowa;City;234.99;zweryfikowane;
60498;Traktor;City;81.99;katalog (niepewne);
60499;Lotniskowy wóz strażacki;City;299.99;katalog (niepewne);
60500;Furgonetka;City;124.99;katalog (niepewne);
60501;Park rollercoasterów Lava Land;City;419.99;zweryfikowane;
60502;Lotnisko z samolotem;City;419.99;katalog (niepewne);
60503;Helikopter straży przybrzeżnej;City;249.99;katalog (niepewne);
60504;Łódź ratunkowa i helikopter straży przybrzeżnej;City;469.99;katalog (niepewne);
60505;Zestaw z samolotem, ciężarówką serwisową i poduszkowcem;City;299.99;katalog (niepewne);
60506;Tramwaj przy plaży;City;299.99;zweryfikowane;
60508;Napad na policyjny pociąg;City;869.99;zweryfikowane;
60509;Portowy pociąg towarowy, dźwig i ciężarówka;City;419.99;zweryfikowane;
60510;Kalendarz adwentowy na 2026 rok;City;114.99;zweryfikowane;
60511;Retro pociąg z lokomotywą parową;City;379.99;zweryfikowane;
60512;Furgonetka z rowerami górskimi;City;81.99;zweryfikowane;
10696;Kreatywne klocki pudełko średni zestaw;Classic;129.99;katalog (niepewne);
10698;Kreatywne klocki;Classic;209.99;katalog (niepewne);
10713;Kreatywna walizka;Classic;84.99;katalog (niepewne);
11023;Zielona płytka konstrukcyjna;Classic;36.99;katalog (niepewne);
11024;Szara płytka konstrukcyjna;Classic;61.99;katalog (niepewne);
11025;Niebieska płytka konstrukcyjna;Classic;36.99;katalog (niepewne);
11026;Biała płytka konstrukcyjna;Classic;36.99;katalog (niepewne);
11034;Kreatywne zwierzątka;Classic;149.99;katalog (niepewne);
11036;Kreatywne pojazdy;Classic;234.99;katalog (niepewne);
11039;Kreatywne smakołyki;Classic;42.99;katalog (niepewne);
11040;Magiczny zestaw z przezroczystymi klockami;Classic;81.99;katalog (niepewne);
11041;Kreatywne dinozaury;Classic;149.99;katalog (niepewne);
11045;Kreatywne kolorowe klocki;Classic;;zweryfikowane;
30645;Bałwan;Creator;16.99;katalog (niepewne);
30670;Przejażdżka saniami Świętego Mikołaja;Creator;;BRAK;
30688;Tropikalny tukan;Creator;16.99;katalog (niepewne);
30689;Urodzinowe zwierzaki;Creator;16.99;katalog (niepewne);
30690;Malowanie pisanek z kurczaczkiem;Creator;16.99;katalog (niepewne);
30692;Święty Mikołaj i świąteczny komin;Creator;16.99;katalog (niepewne);
30714;Rudy kot;Creator;;BRAK;
30715;Przyjęcie urodzinowe z uroczymi zwierzątkami;Creator;;BRAK;
30716;Uroczy zajączek wielkanocny;Creator;16.99;katalog (niepewne);
30717;Śmieszny halloweenowy szkielet;Creator;;BRAK;
30718;Śnieżna przygoda Cataclaws;Creator;;BRAK;
31109;Statek piracki;Creator;559.99;katalog (niepewne);
31129;Majestatyczny tygrys;Creator;214.99;katalog (niepewne);
31134;Prom kosmiczny;Creator;41.99;katalog (niepewne);
31136;3w1 Egzotyczna papuga;Creator;104.99;katalog (niepewne);
31137;Urocze psiaki;Creator;129.99;katalog (niepewne);
31140;3w1 Magiczny jednorożec;Creator;41.99;katalog (niepewne);
31141;Główna ulica;Creator;599.99;katalog (niepewne);
31145;Czerwony smok;Creator;42.99;katalog (niepewne);
31146;Ciężarówka z platformą i helikopterem 3w1;Creator;81.99;katalog (niepewne);
31147;Aparat w stylu retro;Creator;84.99;katalog (niepewne);
31148;Wrotka w stylu retro;Creator;129.99;katalog (niepewne);
31149;Kwiaty w konewce;Creator;129.99;katalog (niepewne);
31150;Dzikie zwierzęta z safari;Creator;279.99;katalog (niepewne);
31151;Tyranozaur;Creator;259.99;katalog (niepewne);
31152;Astronauta;Creator;214.99;katalog (niepewne);
31159;3w1 Dzikie zwierzęta niezwykły pająk;Creator;54.99;katalog (niepewne);
31160;Statek powietrzny: samolot wyścigowy;Creator;64.99;katalog (niepewne);
31162;Uroczy króliczek;Creator;84.99;katalog (niepewne);
31163;3w1 Psotny kot;Creator;104.99;katalog (niepewne);
31164;Kosmiczny robot;Creator;109.99;katalog (niepewne);
31165;3w1 Dzikie zwierzęta rodzina pand;Creator;169.99;katalog (niepewne);
31166;3w1 Piękny koń, przebudowa na niedźwiedzia lub jelenia;Creator;209.99;katalog (niepewne);
31167;3w1 Nawiedzona rezydencja, przebudowa na statek lub pociąg;Creator;379.99;katalog (niepewne);
31168;3w1 Średniowieczny zamek rycerzy konnych, turniej lub miasto;Creator;519.99;katalog (niepewne);
31169;3w1 Maszyna do pisania z kwiatami;Creator;129.99;katalog (niepewne);
31170;3w1 Dzikie zwierzęta różowy flaming;Creator;104.99;katalog (niepewne);
31173;Dzikie zwierzęta Tropikalny tukan;Creator;61.99;katalog (niepewne);
31174;3w1 Telefon w stylu retro, zabawka konstrukcyjna dla dzieci;Creator;124.99;katalog (niepewne);
31376;Uroczy chomik z kwiatkiem;Creator;41.99;katalog (niepewne);
31377;Żółw i kwiat lilii wodnej;Creator;41.99;katalog (niepewne);
31378;Teleskop do odkrywania kosmosu;Creator;144.99;katalog (niepewne);
31379;Dzikie zwierzęta groźny dinozaur;Creator;109.99;katalog (niepewne);
31380;Konsola do gry retro;Creator;81.99;katalog (niepewne);
31381;Groźny rekin i skrzynia ze skarbem;Creator;144.99;katalog (niepewne);
31382;Urocze zwierzątka: psotny szczeniaczek;Creator;124.99;katalog (niepewne);
31383;3w1 Flakon perfum z kwiatową ozdobą;Creator;;zweryfikowane;
31384;Dzikie zwierzęta: kolorowy koliber;Creator;124.99;katalog (niepewne);
31385;Zwierzęta morskie: piękny delfin;Creator;219.99;katalog (niepewne);
31386;3w1 Dzikie zwierzęta: Dumny lew;Creator;274.99;zweryfikowane;
31387;3w1 Legendarny statek piracki;Creator;419.99;zweryfikowane;
31388;Dzikie zwierzęta: Rodzina koali;Creator;519.99;zweryfikowane;
31389;3w1 Kultowy diabelski młyn;Creator;379.99;zweryfikowane;
31390;3w1 Dekoracyjny obraz z kwiatami;Creator;124.99;zweryfikowane;
31391;3w1 Modna torebka ze schowkiem;Creator;;zweryfikowane;
31392;3w1 Dekoracyjny fortepian z kotem;Creator;169.99;zweryfikowane;
31393;Leśne zwierzęta: Wilk szary;Creator;209.99;zweryfikowane;
31394;Urocze zwierzątka: Panda ruda;Creator;124.99;zweryfikowane;
40647;Botanicals Kwiaty Lotosu;Creator;64.99;katalog (niepewne);
40747;Botanicals Żonkile;Creator;64.99;katalog (niepewne);
40885;Rodzina kaczek;Creator;84.99;katalog (niepewne);
40953;Londyński autobus;Creator;81.99;katalog (niepewne);
40954;Pocztówka z Niemiec;Creator;62.99;katalog (niepewne);
10776;Mickey i przyjaciele Remiza i wóz strażacki Myszki Miki i przyjaciół;Disney;229.99;katalog (niepewne);
30661;Budka powitalna Ashy;Disney;17.99;katalog (niepewne);
30695;Miniaturowy zamek Kopciuszka z ogrodem;Disney;16.99;katalog (niepewne);
30720;Urodzinowa potańcówka Arielki i Florka;Disney;;BRAK;
43185;Łódź Bouna;Disney;229.99;katalog (niepewne);
43204;Zabawa w zamku z Anną i Olafem;Disney;159.99;katalog (niepewne);
43206;Zamek Kopciuszka i księcia z bajki;Disney;369.99;katalog (niepewne);
43212;Pociąg pełen zabawy;Disney;169.99;katalog (niepewne);
43216;Podróż zaczarowanej księżniczki;Disney;279.99;katalog (niepewne);
43217;Dom z bajki „Odlot”;Disney;234.99;katalog (niepewne);
43219;Kreatywne zamki księżniczek Disneya;Disney;149.99;katalog (niepewne);
43220;Książka z przygodami Piotrusia Pana i Wendy;Disney;84.99;katalog (niepewne);
43221;100 lat kultowych animacji Disneya;Disney;234.99;katalog (niepewne);
43222;Zamek Disneya;Disney;1749.99;katalog (niepewne);
43224;Zamek króla Magnifico;Disney;419.99;katalog (niepewne);
43231;Chatka Ashy;Disney;229.99;katalog (niepewne);
43235;Scena muzyczna Arielki;Disney;69.99;katalog (niepewne);
43239;Ramka na zdjęcia i szkatułka Mirabel;Disney;129.99;katalog (niepewne);
43240;Diabolina jako smok;Disney;299.99;katalog (niepewne);
43244;Lodowy pałac Elzy;Disney;439.99;katalog (niepewne);
43245;Magiczny dom Madrigalów;Disney;699.99;katalog (niepewne);
43246;Przygoda księżniczki Disneya;Disney;439.99;katalog (niepewne);
43247;Król Lew - młody Simba;Disney;559.99;katalog (niepewne);
43248;W głowie się nie mieści 2 - kostki z emocjami;Disney;149.99;katalog (niepewne);
43249;Stitch;Disney;274.99;katalog (niepewne);
43257;Classic Andzia;Disney;274.99;katalog (niepewne);
43258;Barka Kakamorów;Disney;419.99;katalog (niepewne);
43260;Zabawy Vaiany na wyspie;Disney;81.99;katalog (niepewne);
43262;Classic Suknie Diaboliny i Cruelli De Mon;Disney;299.99;katalog (niepewne);
43264;Toy Story - Okolicznościowy pociąg i Pan Sterowany;Disney;169.99;katalog (niepewne);
43265;Kraina lodu - Zamek w Arendelle;Disney;124.99;katalog (niepewne);
43266;Suknia Kopciuszka;Disney;174.99;katalog (niepewne);
43267;Zamek księżniczek i królewskie zwierzaki;Disney;519.99;katalog (niepewne);
43268;Domek na plaży Lilo i Stitcha;Disney;379.99;katalog (niepewne);
43269;101 dalmatyńczyków - Szczeniaczek;Disney;619.99;katalog (niepewne);
43270;Kajakowa przygoda Vaiany;Disney;269.99;katalog (niepewne);
43271;Classic 101 dalmatyńczyków - Szczeniaczki Szczęściarz i Penny;Disney;109.99;katalog (niepewne);
43272;Heiheia;Disney;169.99;katalog (niepewne);
43273;Kalendarz adwentowy 2025;Disney;149.99;katalog (niepewne);
43274;Hotel dla zwierząt Minnie;Disney;174.99;katalog (niepewne);
43276;Szkatułka na biżuterię z Królewną Śnieżką;Disney;189.99;katalog (niepewne);
43279;Pixar Wall-E i Ewa;Disney;299.99;katalog (niepewne);
43280;Zabawa na plaży z Lilo i Stitchem;Disney;81.99;zweryfikowane;
43281;Lodowy zamek Elzy i Śnieżna przejażdżka;Disney;219.99;katalog (niepewne);
43282;Wiejska chatka i łódź;Disney;;zweryfikowane;
43283;Zamek Kopciuszka i jej zwierzęcych przyjaciół;Disney;124.99;zweryfikowane;
43284;Mała Anna i Elza;Disney;41.99;katalog (niepewne);
43285;Magiczny minipałac Arielki;Disney;81.99;katalog (niepewne);
43286;Classic Aryskotraci - Urocza Marie;Disney;169.99;katalog (niepewne);
43287;Piknik Olafa i Bruniego;Disney;209.99;katalog (niepewne);
43288;Doniczka Sally;Disney;209.99;katalog (niepewne);
43289;Zaczarowany zamek Pięknej i Bestii;Disney;169.99;zweryfikowane;
43290;Pixar Stefan i As;Disney;259.99;katalog (niepewne);
43291;Mała Bella i Tiana z zamkiem;Disney;169.99;katalog (niepewne);
43292;Pua;Disney;299.99;zweryfikowane;
43293;Kakamora;Disney;169.99;zweryfikowane;
43294;Mała wieża Roszpunki;Disney;81.99;zweryfikowane;
43295;Szkatułka na biżuterię Dżasminy;Disney;209.99;zweryfikowane;
43296;Stitch i Strupka;Disney;299.99;zweryfikowane;
43297;Zamek Roszpunki;Disney;419.99;zweryfikowane;
43298;Kalendarz adwentowy na 2026 rok;Disney;144.99;zweryfikowane;
43299;Królewska łódź weselna Arielki;Disney;299.99;zweryfikowane;
43300;Kubuś Puchatek;Disney;649.99;katalog (niepewne);
43301;Toy Story Cienki — podpórki pod książki;Disney;649.99;katalog (niepewne);
43302;Main Street, U.S.A.;Disney;1499.99;zweryfikowane;
43303;Mała Dżasmina i Roszpunka;Disney;42.99;katalog (niepewne);
43304;Pixar Konne ranczo Blaze'a;Disney;209.99;katalog (niepewne);
43305;Przyjęcie urodzinowe Prosiaczka;Disney;169.99;katalog (niepewne);
43306;Miś Tuliś;Disney;169.99;katalog (niepewne);
43307;Kosmita z bujaną rakietą Pizza Planet;Disney;249.99;katalog (niepewne);
76830;Lightyear Pościg za Zyklopem;Disney;89.99;katalog (niepewne);
76831;Lightyear Starcie z Zurgiem;Disney;159.99;katalog (niepewne);
10412;Pociąg ze zwierzątkami;DUPLO;79.99;katalog (niepewne);
10413;Codzienne czynności - kąpiel;DUPLO;39.99;katalog (niepewne);
10414;Codzienne czynności - jedzenie;DUPLO;124.99;katalog (niepewne);
10415;Moje uczucia i emocje;DUPLO;124.99;katalog (niepewne);
10416;Opieka nad zwierzętami na farmie;DUPLO;234.99;katalog (niepewne);
10418;Elza i Bruni w Zaczarowanym Lesie;DUPLO;139.99;katalog (niepewne);
10419;Opieka nad pszczołami i ulami;DUPLO;79.99;katalog (niepewne);
10421;Ciężarówka z alfabetem;DUPLO;169.99;katalog (niepewne);
10422;Przygoda w promie kosmicznym 3w1;DUPLO;279.99;katalog (niepewne);
10423;Ludziki z emocjami;DUPLO;234.99;katalog (niepewne);
10425;Tunel i tory kolejowe - zestaw rozszerzający;DUPLO;84.99;katalog (niepewne);
10426;Most i tory kolejowe - zestaw rozszerzający;DUPLO;169.99;katalog (niepewne);
10427;Przygoda z interaktywnym pociągiem;DUPLO;339.99;katalog (niepewne);
10428;Duży interaktywny pociąg miejski;DUPLO;599.99;katalog (niepewne);
10431;Peppa Pig Ogród i domek na drzewie Peppy;DUPLO;84.99;katalog (niepewne);
10432;Peppa Pig Peppa i rejs łodzią;DUPLO;124.99;katalog (niepewne);
10433;Peppa Pig Urodzinowy domek Peppy;DUPLO;189.99;katalog (niepewne);
10434;Peppa Pig Peppa i supermarket;DUPLO;299.99;katalog (niepewne);
10435;Disney Magiczny podwodny pałac Arielki;DUPLO;389.99;katalog (niepewne);
10440;Balansujące drzewko;DUPLO;84.99;katalog (niepewne);
10441;Sorter kształtów: dom szczeniaczków;DUPLO;124.99;katalog (niepewne);
10442;Rodziny dzikich zwierząt: pingwiny i lwy;DUPLO;39.99;katalog (niepewne);
10443;Pierwszy raz na lotnisku;DUPLO;124.99;katalog (niepewne);
10444;Kreatywny ogród i kwiaty;DUPLO;84.99;katalog (niepewne);
10445;Bolidy i kierowcy F1;DUPLO;189.99;katalog (niepewne);
10446;Rodziny dzikich zwierząt 3w1;DUPLO;339.99;katalog (niepewne);
10447;Karetka z kierowcą;DUPLO;84.99;katalog (niepewne);
10448;3 w 1 Zwierzątka na kółkach;DUPLO;149.99;katalog (niepewne);
10449;Pierwszy raz: wizyta u lekarza;DUPLO;174.99;katalog (niepewne);
10450;Gra Zamek Hopsy;DUPLO;169.99;katalog (niepewne);
10451;3 w 1 Dinozaury na kółkach;DUPLO;299.99;katalog (niepewne);
10452;Świnka Peppa Wyprawa na biwak;DUPLO;84.99;katalog (niepewne);
10453;Peppa Pig Wesołe miasteczko;DUPLO;219.99;katalog (niepewne);
10454;Disney Klub przyjaciół Myszki Miki i samochód;DUPLO;84.99;katalog (niepewne);
10455;Disney Przyjęcie w lodowym zamku Anny i Elzy;DUPLO;249.99;katalog (niepewne);
10456;Disney Wizyta McQueena w warsztacie Wójta;DUPLO;124.99;katalog (niepewne);
10457;Przyjęcie urodzinowe Kubusia Puchatka;DUPLO;84.99;katalog (niepewne);
10458;Bluey Wyprawa po lody z Blue;DUPLO;124.99;katalog (niepewne);
10459;Bluey Dom rodzinny Blue z grą pamięciową;DUPLO;299.99;katalog (niepewne);
10460;Zielona płytka konstrukcyjna;DUPLO;54.99;katalog (niepewne);
10462;Kraina Lodu Kreatywne pudełko z Elzą i Olafem;DUPLO;81.99;zweryfikowane;
10463;Dinozaur Spidey-Rex i Zielony Goblin;DUPLO;84.99;zweryfikowane;
10464;Marvel Kryjówka Pajęczej Drużyny;DUPLO;209.99;zweryfikowane;
10465;Klub Myszki Miki z Minnie i Pluto;DUPLO;209.99;katalog (niepewne);
10466;Podróż pociągiem z Dziadkiem Świnką;DUPLO;189.99;katalog (niepewne);
10467;Dom rodzinny;DUPLO;299.99;katalog (niepewne);
10468;Peppa Ciągnik i rynek;DUPLO;81.99;katalog (niepewne);
10469;Pizzerki z Muffinką i Blue;DUPLO;169.99;zweryfikowane;
10470;Nowoczesny dom rodzinny 3 w 1 z figurkami;DUPLO;339.99;zweryfikowane;
10471;Niebieski motocykl policyjny;DUPLO;41.99;katalog (niepewne);
10472;Gra w budowanie zwierzątek;DUPLO;209.99;zweryfikowane;
10473;Wóz strażacki z wężem i strażakiem;DUPLO;124.99;katalog (niepewne);
10474;Kreatywne pojazdy;DUPLO;84.99;katalog (niepewne);
10475;Maszyny budowlane 3 w 1;DUPLO;109.99;katalog (niepewne);
10476;Plac budowy z pojazdami 3 w 1;DUPLO;379.99;zweryfikowane;
10477;Kreatywne zwierzaki 3 w 1;DUPLO;41.99;katalog (niepewne);
10478;Kreatywne rampy 3 w 1 z pojazdami;DUPLO;299.99;zweryfikowane;
10479;Kreatywne pudełko pełne kolorów;DUPLO;81.99;zweryfikowane;
10480;Las odkrywców z dzikimi zwierzętami;DUPLO;339.99;zweryfikowane;
10913;Pudełko z klockami;DUPLO;124.99;katalog (niepewne);
10914;Pudełko z klockami Deluxe;DUPLO;209.99;katalog (niepewne);
10941;Disney Urodzinowy pociąg myszek Miki i Minnie;DUPLO;144.99;katalog (niepewne);
10954;Pociąg z cyferkami - nauka liczenia;DUPLO;79.99;katalog (niepewne);
10966;Zabawa w kąpieli: pływająca wyspa ze zwierzątkami;DUPLO;189.99;katalog (niepewne);
10967;Motocykl policyjny;DUPLO;39.99;katalog (niepewne);
10969;Wóz strażacki;DUPLO;124.99;katalog (niepewne);
10977;Mój pierwszy szczeniak i kotek z odgłosami;DUPLO;189.99;katalog (niepewne);
10983;Ryneczek bio;DUPLO;124.99;katalog (niepewne);
10989;Park wodny;DUPLO;179.99;katalog (niepewne);
30327;Moja pierwsza kaczuszka;DUPLO;17;katalog (niepewne);
30673;Moja pierwsza kaczuszka;DUPLO;17.99;katalog (niepewne);
30686;Mój pierwszy kwiatek i pszczoła;DUPLO;16.99;katalog (niepewne);
30712;Tort;DUPLO;16.99;katalog (niepewne);
30414;Magiczny kufer Emmy;Friends;14.99;katalog (niepewne);
30696;Stoisko z goframi Autumn;Friends;16.99;katalog (niepewne);
30697;Buda dla psa Novy;Friends;;BRAK;
30721;Kwiatowe stoisko z różami;Friends;16.99;katalog (niepewne);
30722;Domek króliczka w ogrodzie;Friends;;BRAK;
41346;Pudełko przyjaźni;Friends;219.99;katalog (niepewne);
41353;Kalendarz adwentowy 2018;Friends;129.99;katalog (niepewne);
41379;Restauracja w Heartlake;Friends;259.99;katalog (niepewne);
41382;Kalendarz adwentowy 2019;Friends;129.99;katalog (niepewne);
41447;Park w Heartlake City;Friends;179.99;katalog (niepewne);
41688;Magiczny wóz;Friends;229.99;katalog (niepewne);
41705;Pizzeria w Heartlake;Friends;69.99;katalog (niepewne);
41707;Furgonetka do sadzenia drzew;Friends;129.99;katalog (niepewne);
41708;Automat w dyskotece;Friends;269.99;katalog (niepewne);
41712;Ciężarówka recyklingowa;Friends;84.99;katalog (niepewne);
41713;Kosmiczna akademia Olivii;Friends;329.99;katalog (niepewne);
41715;Furgonetka z lodami;Friends;84.99;katalog (niepewne);
41716;Stephanie i przygoda pod żaglami;Friends;199.99;katalog (niepewne);
41717;Mia ratowniczka dzikich zwierząt;Friends;229.99;katalog (niepewne);
41724;Dom Paisley;Friends;189.99;katalog (niepewne);
41725;Zabawa z łazikiem plażowym;Friends;42.99;katalog (niepewne);
41726;Wakacyjna wyprawa na biwak;Friends;109.99;katalog (niepewne);
41728;Bar w śródmieściu Heartlake;Friends;124.99;katalog (niepewne);
41729;Sklep spożywczy z żywnością ekologiczną;Friends;419.99;katalog (niepewne);
41734;Morska łódź ratunkowa;Friends;359.99;katalog (niepewne);
41739;Pokój Liann;Friends;84.99;katalog (niepewne);
41744;Centrum sportowe;Friends;409.99;katalog (niepewne);
41751;Skatepark;Friends;229.99;katalog (niepewne);
41752;Hydroplan ratowniczy;Friends;84.99;katalog (niepewne);
41754;Pokój Leo;Friends;84.99;katalog (niepewne);
41758;Kalendarz adwentowy 2023;Friends;119.99;katalog (niepewne);
42603;Kamper z mobilnym obserwatorium;Friends;124.99;katalog (niepewne);
42605;Stacja kosmiczna i rakieta;Friends;389.99;katalog (niepewne);
42609;Samochód elektryczny i stacja ładująca;Friends;64.99;katalog (niepewne);
42614;Sklep z używaną odzieżą;Friends;169.99;katalog (niepewne);
42616;Pokaz talentów muzycznych w szkole w Heartlake City;Friends;279.99;katalog (niepewne);
42618;Kawiarnia w Heartlake;Friends;124.99;katalog (niepewne);
42619;Autobus koncertowy gwiazdy pop;Friends;359.99;katalog (niepewne);
42622;Strzelnica na letnim obozie łuczniczym;Friends;64.99;katalog (niepewne);
42624;Przytulne domki na letnim obozie;Friends;189.99;katalog (niepewne);
42625;Plażowa budka z koktajlami;Friends;84.99;katalog (niepewne);
42626;Sporty wodne na obozie kempingowym;Friends;299.99;katalog (niepewne);
42637;Kalendarz adwentowy 2024;Friends;119.99;katalog (niepewne);
42640;Plac zabaw dla świnek morskich;Friends;42.99;katalog (niepewne);
42641;Przygoda z surfującymi psami i skuterem;Friends;64.99;katalog (niepewne);
42642;Maraton filmowy przyjaciółek;Friends;64.99;katalog (niepewne);
42643;Stoisko z watą cukrową i skuter;Friends;42.99;katalog (niepewne);
42644;Furgonetka z lodami w mieście Heartlake;Friends;84.99;katalog (niepewne);
42646;Pokój Autumn;Friends;84.99;katalog (niepewne);
42647;Pokój Paisley;Friends;81.99;katalog (niepewne);
42648;Opieka nad pandami w rezerwacie;Friends;124.99;katalog (niepewne);
42649;Sklep z cukierkami w Heartlake;Friends;129.99;katalog (niepewne);
42650;Sklep z akcesoriami dla zwierząt;Friends;174.99;katalog (niepewne);
42652;Spotkanie w domku na Drzewie Przyjaźni;Friends;299.99;katalog (niepewne);
42653;Sklep muzyczny i mieszkanie;Friends;209.99;katalog (niepewne);
42654;Ranczo kucyków i stajnia;Friends;299.99;katalog (niepewne);
42658;Impreza na basenie z jednorożcem i flamingiem;Friends;42.99;katalog (niepewne);
42659;Samochodowa wycieczka przyjaciółek;Friends;81.99;katalog (niepewne);
42661;Bal przebierańców z jednorożcem i wróżką;Friends;174.99;katalog (niepewne);
42662;Salon fryzjerski i sklep z ozdobami;Friends;199.99;katalog (niepewne);
42663;Przygoda w kamperze przyjaciół;Friends;249.99;katalog (niepewne);
42664;Przygoda na łodzi;Friends;319.99;katalog (niepewne);
42665;Plac zabaw dla szczeniaczków;Friends;42.99;katalog (niepewne);
42666;Kocie przyjęcie urodzinowe i domek na drzewie;Friends;124.99;katalog (niepewne);
42668;Kalendarz adwentowy 2025;Friends;119.99;katalog (niepewne);
42669;Dom pszczelarzy i kwiatowy ogród;Friends;300.99;katalog (niepewne);
42671;Zielona kawiarnia i kwiaciarnia;Friends;379.99;katalog (niepewne);
42672;Kreatywna walizka plażowa;Friends;129.99;katalog (niepewne);
42673;Rodzinne wakacje na plaży;Friends;559.99;katalog (niepewne);
42675;Jednorożcowa dostawa tortu;Friends;41.99;katalog (niepewne);
42676;Frajda w parku wodnym;Friends;124.99;zweryfikowane;
42677;Piekarnia z psimi przysmakami;Friends;124.99;katalog (niepewne);
42678;Furgonetka z akcesoriami dla zwierząt;Friends;84.99;katalog (niepewne);
42679;Hotel dla królików w mieście Heartlake;Friends;104.99;katalog (niepewne);
42680;Sklep spożywczy w mieście Heartlake;Friends;84.99;katalog (niepewne);
42681;Przygoda na aksolotlowej łodzi;Friends;41.99;katalog (niepewne);
42682;Domek na luksusowym kempingu;Friends;104.99;zweryfikowane;
42684;Jednorożcowa kawiarnia;Friends;169.99;katalog (niepewne);
42685;Pokaz mody w mieście Heartlake;Friends;219.99;katalog (niepewne);
42687;Dom rodzinny Liann;Friends;299.99;katalog (niepewne);
42688;Stadnina i szkółka jeździecka;Friends;339.99;katalog (niepewne);
42689;Domek klubu przyjaciół z Heartlake;Friends;379.99;katalog (niepewne);
42690;Podwieczorek w lesie;Friends;41.99;zweryfikowane;
42691;Restauracja z ogrodem;Friends;559.99;katalog (niepewne);
42692;Stoisko z lodami i balonami;Friends;42.99;katalog (niepewne);
42693;Kreatywna kwiaciarnia;Friends;124.99;zweryfikowane;
42694;Furgonetka z pizzą;Friends;61.99;zweryfikowane;
42695;Przyczepa z koniem i źrebaczkiem;Friends;124.99;katalog (niepewne);
42696;Lecznica dla zwierząt;Friends;124.99;katalog (niepewne);
42697;Kreatywna walizka z domkiem dla lalek;Friends;209.99;zweryfikowane;
42698;Kalendarz adwentowy na 2026 rok;Friends;114.99;zweryfikowane;
42699;Domek na plaży z fokami;Friends;219.99;katalog (niepewne);
42700;Cukierkowo-babeczkowy diabelski młyn;Friends;249.99;zweryfikowane;
42701;Sanktuarium koali;Friends;274.99;zweryfikowane;
42702;Wróżkowa karuzela z kwiatami;Friends;169.99;zweryfikowane;
42703;Syrenkowa kolejka górska;Friends;419.99;zweryfikowane;
42704;Grand Hotel w mieście Heartlake;Friends;649.99;zweryfikowane;
42705;Jesienna leśna chatka;Friends;419.99;zweryfikowane;
30724;Gabinet Dumbledore’a z Harrym Potterem;Harry Potter;;BRAK;
40975;Minizamek Hogwart;Harry Potter;169.99;zweryfikowane;
71043;Zamek Hogwart;Harry Potter;2049.99;katalog (niepewne);
75981;Kalendarz adwentowy LEGO Harry Potter;Harry Potter;139.99;katalog (niepewne);
76403;Ministerstwo Magii;Harry Potter;479.99;katalog (niepewne);
76404;Kalendarz adwentowy LEGO Harry Potter;Harry Potter;159.99;katalog (niepewne);
76416;Quidditch — kufer;Harry Potter;309.99;katalog (niepewne);
76418;Kalendarz adwentowy LEGO Harry Potter;Harry Potter;174.99;katalog (niepewne);
76419;Zamek Hogwart i błonia;Harry Potter;729.99;katalog (niepewne);
76420;Turniej Trójmagiczny: Jezioro Hogwartu;Harry Potter;199.99;katalog (niepewne);
76424;Latający Ford Anglia;Harry Potter;61.99;katalog (niepewne);
76425;Hedwiga z wizytą na ul. Privet Drive 4;Harry Potter;89.99;katalog (niepewne);
76429;Mówiąca Tiara Przydziału;Harry Potter;419.99;katalog (niepewne);
76433;Mandragora;Harry Potter;309.99;katalog (niepewne);
76435;Zamek Hogwart: Wielka Sala;Harry Potter;869.99;katalog (niepewne);
76439;Sklepy Ollivandera i Madame Malkin;Harry Potter;399.99;katalog (niepewne);
76440;Turniej Trójmagiczny: Przybycie;Harry Potter;619.99;katalog (niepewne);
76441;Zamek Hogwart: Klub pojedynków;Harry Potter;109.99;katalog (niepewne);
76442;Zamek Hogwart: Zajęcia z zaklęć i uroków;Harry Potter;81.99;katalog (niepewne);
76443;Przejażdżka motocyklowa Hagrida i Harry'ego;Harry Potter;219.99;katalog (niepewne);
76444;Magiczne sklepy na Ulicy Pokątnej;Harry Potter;869.99;katalog (niepewne);
76445;Zamek Hogwart: zajęcia z zielarstwa;Harry Potter;209.99;katalog (niepewne);
76446;Przygoda na pokładzie Błędnego Rycerza;Harry Potter;209.99;katalog (niepewne);
76448;Fawkes: feniks Dumbledore'a;Harry Potter;81.99;zweryfikowane;
76449;Potworna księga potworów z zębami;Harry Potter;249.99;katalog (niepewne);
76450;Book nook: Ekspres do Hogwartu;Harry Potter;419.99;katalog (niepewne);
76451;Privet Drive: Wizyta ciotki Marge;Harry Potter;379.99;katalog (niepewne);
76452;Markowy sprzęt do quidditcha i lodziarnia;Harry Potter;449.99;katalog (niepewne);
76453;Dwór Malfoyów;Harry Potter;649.99;zweryfikowane;
76454;Zamek Hogwart: Główna wieża;Harry Potter;1079.99;katalog (niepewne);
76456;Kalendarz adwentowy LEGO Harry Potter 2025;Harry Potter;149.99;katalog (niepewne);
76459;Ucieczka Hagrida i Harry'ego z Privet Drive;Harry Potter;81.99;katalog (niepewne);
76460;Zamek Hogwart: Ceremonia przydziału;Harry Potter;61.99;katalog (niepewne);
76461;Chochlik kornwalijski;Harry Potter;124.99;katalog (niepewne);
76462;Herb Hogwartu;Harry Potter;209.99;zweryfikowane;
76463;Zamek Hogwart: skrzydło szpitalne;Harry Potter;419.99;katalog (niepewne);
76464;Kociołek: Sekretna sala zajęć z eliksirów;Harry Potter;259.99;katalog (niepewne);
76466;Kamień filozoficzny — edycja kolekcjonerska;Harry Potter;689.99;katalog (niepewne);
76467;Dom Luny Lovegood;Harry Potter;419.99;katalog (niepewne);
76469;Wolny skrzat Zgredek;Harry Potter;144.99;zweryfikowane;
76470;Zaczarowany latający Ford Anglia;Harry Potter;339.99;katalog (niepewne);
76471;Magiczne sklepy na ulicy Śmiertelnego Nokturnu;Harry Potter;419.99;zweryfikowane;
76473;Zamek Hogwart: Wschodnie skrzydło;Harry Potter;1079.99;zweryfikowane;
76474;Rośliny z lekcji zielarstwa w Hogwarcie;Harry Potter;419.99;zweryfikowane;
76475;Zakazany Las: Expecto Patronum;Harry Potter;124.99;zweryfikowane;
76476;Ministerstwo Magii — edycja kolekcjonerska;Harry Potter;1849.99;zweryfikowane;
76477;Norbert: mały smok Hagrida;Harry Potter;209.99;zweryfikowane;
76478;Book nook: Gabinet Dumbledore'a;Harry Potter;519.99;zweryfikowane;
10280;Creator Bukiet kwiatów;Icons;249.99;katalog (niepewne);
10281;Botanicals Drzewko bonsai;Icons;209.99;katalog (niepewne);
10291;Queer Eye - Mieszkanie Fab Five;Icons;479.99;katalog (niepewne);
10295;Porsche 911;Icons;729.99;katalog (niepewne);
10300;Wehikuł czasu z Powrotu do przyszłości;Icons;869.99;zweryfikowane;
10302;Optimus Prime;Icons;769.99;katalog (niepewne);
10311;Botanicals Kwiaty Orchidea;Icons;209.99;katalog (niepewne);
10313;Botanicals Bukiet z polnych kwiatów;Icons;249.99;katalog (niepewne);
10315;Zaciszny ogród;Icons;439.99;katalog (niepewne);
10318;Concorde;Icons;869.99;zweryfikowane;
10323;Automat do gry PAC-MAN;Icons;1149.99;katalog (niepewne);
10325;Górska chata;Icons;439.99;katalog (niepewne);
10328;Botanicals Bukiet róż;Icons;249.99;katalog (niepewne);
10329;Botanicals Małe roślinki;Icons;209.99;katalog (niepewne);
10330;McLaren MP4/4 i Ayrton Senna;Icons;339.99;katalog (niepewne);
10331;Zimorodek;Icons;209.99;zweryfikowane;
10333;Władca Pierścieni: Barad-dûr;Icons;1999.99;katalog (niepewne);
10334;Retro radio;Icons;419.99;katalog (niepewne);
10337;Lamborghini Countach 5000 Quattrovalvole;Icons;779.99;katalog (niepewne);
10338;Bumblebee;Icons;399.99;katalog (niepewne);
10341;Rakieta NASA Artemis SLS;Icons;1129.99;katalog (niepewne);
10350;Dom w stylu angielskim;Icons;999.99;katalog (niepewne);
10353;Williams Racing FW14B i Nigel Mansell;Icons;339.99;katalog (niepewne);
10354;Władca pierścieni: Shire;Icons;1149.99;katalog (niepewne);
10356;Star Trek: U.S.S. Enterprise NCC-1701-D;Icons;1649.99;katalog (niepewne);
10357;Shelby Cobra 427 S/C;Icons;649.99;katalog (niepewne);
10358;Transformers: Soundwave;Icons;779.99;katalog (niepewne);
10359;Fontanna w ogrodzie;Icons;419.99;katalog (niepewne);
10360;Nosiciel Wahadłowców;Icons;999.99;katalog (niepewne);
10362;Francuska kawiarenka;Icons;339.99;katalog (niepewne);
10363;Maszyna latająca Leonarda da Vinci;Icons;249.99;katalog (niepewne);
10365;Statek piracki kapitana Jacka Sparrowa;Icons;1499.99;katalog (niepewne);
10366;Tropikalne akwarium;Icons;1949.99;katalog (niepewne);
10367;Władca pierścieni: Book nook z Balrogiem;Icons;519.99;katalog (niepewne);
10368;Chryzantema;Icons;124.99;katalog (niepewne);
10369;Botanicals Kwiat śliwy;Icons;124.99;katalog (niepewne);
10370;Botanicals Gwiazda Betlejemska;Icons;209.99;katalog (niepewne);
11370;Stranger Things: Dom Creelów;Icons;1199.99;zweryfikowane;
11371;Ulica handlowa;Icons;1099.99;zweryfikowane;
11372;Jesienny ogród z chatką;Icons;479.99;zweryfikowane;
11373;Władca pierścieni: Hełm Saurona;Icons;319.99;zweryfikowane;
11374;Automat do gry pinball;Icons;899.99;zweryfikowane;
11375;Ferrari F2004 i Michael Schumacher;Icons;379.99;zweryfikowane;
11376;Ford Model T;Icons;559.99;zweryfikowane;
11377;Władca pierścieni: Minas Tirith;Icons;2799.99;zweryfikowane;
11378;Samolot pasażerski Douglas DC-3 PAN AM;Icons;949.99;zweryfikowane;
11380;Rower szosowy;Icons;519.99;zweryfikowane;
11381;Jaguar Type E;Icons;599.99;zweryfikowane;
11382;Kosmiczny Teleskop Hubble'a;Icons;559.99;zweryfikowane;
11383;Rezydencja burmistrzyni;Icons;469.99;zweryfikowane;
11384;Szczeniak golden retriever;Icons;599.99;zweryfikowane;
11385;Star Trek: Mostek U.S.S. Enterprise NCC-1701;Icons;779.99;zweryfikowane;
11386;SpongeBob Kanciastoporty: Bikini Dolne;Icons;899.99;zweryfikowane;
11389;Projekt Hail Mary;Icons;469.99;zweryfikowane;
21330;Kevin sam w domu;Ideas;1299.99;katalog (niepewne);
21339;BTS Dynamite;Ideas;439.99;katalog (niepewne);
21344;Orient Express;Ideas;1299.99;katalog (niepewne);
21345;Aparat Polaroid OneStep SX-70;Ideas;379.99;katalog (niepewne);
21347;Czerwona londyńska budka telefoniczna;Ideas;519.99;katalog (niepewne);
21354;Zmierzch - dom Cullenów;Ideas;949.99;katalog (niepewne);
21356;Parowiec rzeczny;Ideas;1399.99;katalog (niepewne);
21357;Disney Pixar Luxo Jr.;Ideas;299.99;katalog (niepewne);
21361;Gremliny rozrabiają: Gizmo;Ideas;419.99;katalog (niepewne);
21362;Kolekcja minerałów;Ideas;249.99;katalog (niepewne);
21365;Papużki nierozłączki;Ideas;209.99;katalog (niepewne);
21366;Pływające wydry;Ideas;479.99;zweryfikowane;
21367;Tintin i rakieta na Księżyc;Ideas;689.99;zweryfikowane;
21368;Fistaszki: Buda Snoopy’ego;Ideas;339.99;zweryfikowane;
21369;The X-Files;Ideas;869.99;zweryfikowane;
21370;E.T. the Extra-Terrestrial;Ideas;559.99;zweryfikowane;
21372;La Catrina;Ideas;;zweryfikowane;
21376;Rudy kot;Ideas;419.99;zweryfikowane;
40896;The X-Files: Laboratorium Scully;Ideas;;zweryfikowane;
76943;Pościg za pteranodonem;Jurassic World;89.99;katalog (niepewne);
76957;Ucieczka welociraptora;Jurassic World;169.99;katalog (niepewne);
76967;Tyranozaur Mały;Jurassic World;109.99;katalog (niepewne);
76969;Szkielety dinozaurów: czaszka triceratopsa;Jurassic World;199.99;katalog (niepewne);
76970;Mały dinozaur Dolores: aquilops;Jurassic World;109.99;katalog (niepewne);
76972;Ucieczka terenówką przed raptorem;Jurassic World;149.99;katalog (niepewne);
76973;Na tropie tytanozaura i raptora;Jurassic World;449.99;katalog (niepewne);
76974;Misja na łodzi i model mozazaura;Jurassic World;269.99;katalog (niepewne);
76975;Ucieczka rzeką przed tyranozaurem;Jurassic World;219.99;katalog (niepewne);
76976;Powietrzna misja z kecalkoatlem i spinozaurem;Jurassic World;649.99;katalog (niepewne);
77977;Mały dinozaur: Pteranodon;Jurassic World;104.99;zweryfikowane;
77978;Ciężarówka do transportu młodego tyranozaura;Jurassic World;124.99;zweryfikowane;
77981;Welociraptor, stegozaur i pteranodon - Centrum ratunkowe;Jurassic World;189.99;zweryfikowane;
77982;Ucieczka spinozaura;Jurassic World;299.99;zweryfikowane;
77983;Atak mozazaura na łódź;Jurassic World;419.99;zweryfikowane;
77984;Jurassic Park Jeep Wrangler;Jurassic World;869.99;zweryfikowane;
77985;Szkielety dinozaurów: triceratops;Jurassic World;419.99;zweryfikowane;
11198;Spider-Man Pościg Spina za Electro w dinopojeździe;Marvel;84.99;katalog (niepewne);
11199;Misja ratunkowa zespołu ’ego w dinoterenówce;Marvel;129.99;katalog (niepewne);
11200;Spider-Man Bitwa Spidey’ego i Gobby’ego przy domku na drzewie;Marvel;239.99;katalog (niepewne);
11206;Spidey na motocyklu kontra Rhino;Marvel;42.99;katalog (niepewne);
11207;Spidey: podwodne pojazdy;Marvel;144.99;katalog (niepewne);
11208;Statek piracki drużyny Spidey’ego;Marvel;209.99;katalog (niepewne);
11209;Ultron kontra Iron Man;Marvel;81.99;zweryfikowane;
11211;Loki kontra drużyna Iron Mana;Marvel;209.99;zweryfikowane;
30725;Spider-Man vs. Anti-Venom - Napad;Marvel;16.99;katalog (niepewne);
76155;W cieniu Arishem;Marvel;329.99;katalog (niepewne);
76156;Domo powstaje;Marvel;479.99;katalog (niepewne);
76207;Atak na Nowy Asgard;Marvel;99.99;katalog (niepewne);
76208;Kozia łódź;Marvel;279.99;katalog (niepewne);
76210;Hulkbuster;Marvel;2399.99;katalog (niepewne);
76213;Sala tronowa króla Namora;Marvel;159.99;katalog (niepewne);
76231;Kalendarz adwentowy ze Strażnikami Galaktyki 2022;Marvel;159.99;katalog (niepewne);
76253;Kwatera Strażników Galaktyki;Marvel;45.99;katalog (niepewne);
76254;Statek kosmiczny małego Rocketa;Marvel;149.99;katalog (niepewne);
76255;Nowy statek Strażników;Marvel;479.99;katalog (niepewne);
76257;Figurka Wolverine’a do zbudowania;Marvel;169.99;katalog (niepewne);
76258;Figurka Kapitana Ameryki do zbudowania;Marvel;169.99;katalog (niepewne);
76262;Tarcza Kapitana Ameryki;Marvel;929.99;katalog (niepewne);
76263;Hulkbuster Iron Mana vs. Thanos;Marvel;119.99;katalog (niepewne);
76278;Warbird Rocketa;Marvel;169.99;katalog (niepewne);
76279;Auto Spider-mana;Marvel;129.99;katalog (niepewne);
76281;Odrzutowiec X-men;Marvel;369.99;katalog (niepewne);
76282;Figurka Rocketa do zbudowania;Marvel;259.99;katalog (niepewne);
76284;Figurka Zielonego Goblina;Marvel;169.99;katalog (niepewne);
76287;Iron Man z motocyklem i Hulk;Marvel;64.99;katalog (niepewne);
76288;Iron Man i Iron Legion kontra żołnierz Hydry;Marvel;94.99;katalog (niepewne);
76291;Avengers: Czas Ultrona;Marvel;439.99;katalog (niepewne);
76292;Kapitan Ameryka kontra Czerwony Hulk - bitwa;Marvel;239.99;katalog (niepewne);
76294;X-Men: Instytut Xaviera;Marvel;1399.99;katalog (niepewne);
76296;Figurka nowego Kapitana Ameryki;Marvel;149.99;katalog (niepewne);
76297;Tańczący Groot;Marvel;189.99;katalog (niepewne);
76298;Figurka Iron Spider-Mana;Marvel;149.99;katalog (niepewne);
76307;Mech Iron Mana kontra Ultron;Marvel;61.99;katalog (niepewne);
76308;Mech Spider-mana kontra Anti-Venom;Marvel;61.99;katalog (niepewne);
76309;Spider-Man kontra muscle car Venoma;Marvel;129.99;katalog (niepewne);
76311;Multiwersum: Miles Morales kontra Spot;Marvel;209.99;katalog (niepewne);
76312;Monster truck Hulka kontra Thanos;Marvel;129.99;katalog (niepewne);
76313;Logo z minifigurkami;Marvel;439.99;katalog (niepewne);
76314;Kapitan Ameryka: Wojna bohaterów - bitwa;Marvel;439.99;zweryfikowane;
76315;Laboratorium Iron Mana: Zbrojownia;Marvel;234.99;katalog (niepewne);
76316;Figurka Fantastycznej Czwórki kontra Galactus;Marvel;269.99;katalog (niepewne);
76319;Kapitan Ameryka kontra Thanos;Marvel;144.99;katalog (niepewne);
76320;Iron Man i War Machine kontra drony Hammera;Marvel;89.99;katalog (niepewne);
76322;Avengers: Koniec gry Thor kontra Chitauri;Marvel;209.99;katalog (niepewne);
76323;Avengers: Koniec gry — ostateczna bitwa;Marvel;419.99;katalog (niepewne);
76324;Spider-Man i Oscorp;Marvel;559.99;katalog (niepewne);
76325;Avengers: Czas Ultrona — Quinjet;Marvel;539.99;katalog (niepewne);
76326;Popiersie Iron Spider-Mana;Marvel;269.99;katalog (niepewne);
76327;Popiersie Iron Mana MK4;Marvel;269.99;katalog (niepewne);
76334;Epicka bitwa: Spider-Man kontra Sandman;Marvel;104.99;katalog (niepewne);
76335;Spider-Man kontra Ghost Rider na motocyklu;Marvel;41.99;katalog (niepewne);
76336;Spider-Man w samochodzie kontra zvenomowany Wolverine;Marvel;81.99;katalog (niepewne);
76337;Miles Morales kontra Spider-Man 2099;Marvel;61.99;katalog (niepewne);
76338;Bitwa mechów: Spider-Man kontra Doc Ock;Marvel;124.99;katalog (niepewne);
76339;Fantastyczna Czwórka H.E.R.B.I.E.;Marvel;299.99;zweryfikowane;
76340;Kalendarz adwentowy na 2026 rok;Marvel;144.99;zweryfikowane;
76341;Groot w stroju Ravagera;Marvel;259.99;katalog (niepewne);
76342;Spider-Man kontra Mysterio: Daily Bugle;Marvel;469.99;katalog (niepewne);
76343;Epicka bitwa: Hulkbuster kontra Hulk;Marvel;219.99;katalog (niepewne);
76344;Iron Man Mark 3 - edycja kolekcjonerska;Marvel;559.99;katalog (niepewne);
76345;Popiersie Doktora Dooma;Marvel;209.99;zweryfikowane;
76346;Figurka Spider-Mana;Marvel;419.99;zweryfikowane;
76347;Avengers: Doomsday Quinjet;Marvel;249.99;zweryfikowane;
76348;Epicka bitwa: Avengers: Doomsday;Marvel;419.99;zweryfikowane;
76349;Pościg Spider-Mana za więźniarką;Marvel;209.99;zweryfikowane;
76350;Epickie starcie: Spider-Man kontra Hulk;Marvel;379.99;zweryfikowane;
76352;Avengers: Doomsday Nowa Wieża Avengersów;Marvel;469.99;zweryfikowane;
76354;Lotniskowiec T.A.R.C.Z.Y.;Marvel;1599.99;zweryfikowane;
76356;Popiersie Venoma;Marvel;209.99;zweryfikowane;
21251;Pustynna wyprawa Steve'a;Minecraft;42.99;katalog (niepewne);
21252;Zbrojownia;Minecraft;89.99;katalog (niepewne);
21254;Domek na plaży żółwi;Minecraft;119.99;katalog (niepewne);
21256;Żabi domek;Minecraft;234.99;katalog (niepewne);
21260;Wiśniowy ogród;Minecraft;124.99;katalog (niepewne);
21266;Bitwa na moście Netheru;Minecraft;44.99;katalog (niepewne);
21267;Pustynny patrol złosadników;Minecraft;61.99;katalog (niepewne);
21268;Dom prosiaczka;Minecraft;89.99;katalog (niepewne);
21269;Wyprawa do pancernikowej kopalni;Minecraft;129.99;katalog (niepewne);
21270;Dom grzybowej krowy;Minecraft;209.99;katalog (niepewne);
21272;Ring w Leśnym dworze;Minecraft;219.99;katalog (niepewne);
21273;Atak balonowego Ghasta na wioskę;Minecraft;299.99;katalog (niepewne);
21274;Spotkanie ze strażnikiem;Minecraft;89.99;katalog (niepewne);
21275;Dom TNT w dżungli;Minecraft;124.99;katalog (niepewne);
21276;Creeper;Minecraft;169.99;katalog (niepewne);
21277;Kilofowa kopalnia;Minecraft;234.99;katalog (niepewne);
21278;Kryjówka rozbójników i dewastatorów;Minecraft;339.99;katalog (niepewne);
21279;Wieża Endermana;Minecraft;439.99;katalog (niepewne);
21280;Kalendarz adwentowy 2025;Minecraft;149.99;katalog (niepewne);
21582;Kurzy jeździec;Minecraft;124.99;zweryfikowane;
21583;Przygoda Steve'a w Tajdze;Minecraft;41.99;katalog (niepewne);
21584;Podróż przez portal Netheru;Minecraft;61.99;katalog (niepewne);
21585;Farma kurczaków;Minecraft;81.99;katalog (niepewne);
21586;Blady ogród;Minecraft;84.99;katalog (niepewne);
21587;Loch Zombie;Minecraft;124.99;katalog (niepewne);
21588;Lis;Minecraft;189.99;katalog (niepewne);
21589;Minibiomy;Minecraft;249.99;katalog (niepewne);
21590;Walka z Witherem;Minecraft;274.99;katalog (niepewne);
21591;Bitwa z Twisted Wardenem;Minecraft;209.99;zweryfikowane;
21592;Atak kurzego jeźdźca na pustyni;Minecraft;104.99;zweryfikowane;
21593;Przetrwanie pierwszej nocy;Minecraft;124.99;zweryfikowane;
21594;Szkielet;Minecraft;189.99;zweryfikowane;
21595;Smok Kresu;Minecraft;249.99;zweryfikowane;
21596;Najazd przywoływaczy na wioskę;Minecraft;379.99;zweryfikowane;
21597;Stacja Ghasta;Minecraft;419.99;zweryfikowane;
21598;Podwodna przygoda;Minecraft;124.99;zweryfikowane;
30672;Steve i mała panda;Minecraft;;BRAK;
30705;Walka w bujnej jaskini;Minecraft;;BRAK;
30732;Potyczka Alex przy ognisku;Minecraft;;BRAK;
30675;Turniejowy teren szkoleniowy;Ninjago;;BRAK;
30699;Wielofunkcyjny minimech ninja;Ninjago;16.99;katalog (niepewne);
30700;Bitwa Arina z Dragonem;Ninjago;;BRAK;
30723;Samochód ninja Cole’a;Ninjago;;BRAK;
71759;Świątynia ze smokiem ninja;Ninjago;199.99;katalog (niepewne);
71780;Samochód wyścigowy ninja Kaia EVO;Ninjago;42.99;katalog (niepewne);
71783;Jeździec-Mech Kaia EVO;Ninjago;189.99;katalog (niepewne);
71794;Drużyna mechów ninja Lloyda i Arina;Ninjago;359.99;katalog (niepewne);
71804;Mech bojowy Arina;Ninjago;64.99;katalog (niepewne);
71805;Zestaw bitewny z mechem Jaya;Ninjago;42.99;katalog (niepewne);
71807;Mech żywiołu technologii Sory;Ninjago;84.99;katalog (niepewne);
71808;Mech żywiołu ognia Kaia;Ninjago;124.99;katalog (niepewne);
71810;Smoczątko Riyu;Ninjago;64.99;katalog (niepewne);
71811;Łazik terenowy ninja Arina;Ninjago;214.99;katalog (niepewne);
71813;Dojo cienia Wilczej Maski;Ninjago;529.99;katalog (niepewne);
71814;Turniejowe miasto ze świątynią;Ninjago;1079.99;katalog (niepewne);
71818;Arena turniejowa;Ninjago;214.99;katalog (niepewne);
71819;Świątynia Smoczego Kamienia;Ninjago;529.99;katalog (niepewne);
71820;Wielofunkcyjny pojazd ninja;Ninjago;389.99;katalog (niepewne);
71822;Smoczyca źródła ruchu;Ninjago;659.99;katalog (niepewne);
71823;Smoczy Spinner Spinjitzu Kaia;Ninjago;42.99;katalog (niepewne);
71824;Smoczy Spinner Spinjitzu Sory;Ninjago;42.99;katalog (niepewne);
71826;Smocze Spinjitzu — zestaw bitewny;Ninjago;81.99;katalog (niepewne);
71827;Mech w zbroi bojowej Zane’a;Ninjago;42.99;katalog (niepewne);
71828;Samochód wyścigowy Lloyda z napędem typu pull-back;Ninjago;109.99;katalog (niepewne);
71829;Zielony leśny smok Lloyda;Ninjago;84.99;katalog (niepewne);
71830;Burzowy jeździec-mech Kaia;Ninjago;209.99;katalog (niepewne);
71831;Świątynia Spinjitzu ninja;Ninjago;169.99;katalog (niepewne);
71832;Smok chaosu Kiełogrzmot;Ninjago;329.99;katalog (niepewne);
71833;Ras i burzowy superodrzutowiec Arina;Ninjago;219.99;katalog (niepewne);
71834;Wielofunkcyjny ultramech Zane’a;Ninjago;419.99;katalog (niepewne);
71836;Arcysmok skupienia;Ninjago;419.99;katalog (niepewne);
71837;Warsztaty w mieście;Ninjago;1079.99;katalog (niepewne);
71838;Wyścig motocyklowy Kaia;Ninjago;41.99;katalog (niepewne);
71839;Mech bojowy Spinjitzu Arina;Ninjago;84.99;katalog (niepewne);
71842;Smoczy mistrz Rontu;Ninjago;189.99;katalog (niepewne);
71843;Mech smoczego jeźdźca Rogue’a;Ninjago;299.99;katalog (niepewne);
71844;Pojazd bojowy ninja;Ninjago;399.99;katalog (niepewne);
71845;Odrzutowy mech Lloyda;Ninjago;439.99;katalog (niepewne);
71846;Mech ognistego rycerza;Ninjago;529.99;katalog (niepewne);
71847;Smok-strażnik;Ninjago;669.99;katalog (niepewne);
71849;Nya kontra zmutowany potwór na spinnerze;Ninjago;42.99;katalog (niepewne);
71850;Lloyd kontra ziemny potwór na spinnerze;Ninjago;41.99;katalog (niepewne);
71851;Smok-mech Kaia - Zestaw bitewny;Ninjago;41.99;katalog (niepewne);
71853;Bitwa w smoczym mechu Jaya;Ninjago;84.99;katalog (niepewne);
71854;Mech specjalny Cole’a i Zane w smoczej zbroi;Ninjago;124.99;katalog (niepewne);
71855;Bitwa smoka Riyu;Ninjago;189.99;katalog (niepewne);
71856;Wielofunkcyjny samochód Jaya;Ninjago;219.99;katalog (niepewne);
71857;Bitwa Ninja: Domek na drzewie z pojazdami;Ninjago;339.99;katalog (niepewne);
71858;Kuźnia Cztery Bronie — 15-lecie;Ninjago;419.99;katalog (niepewne);
71859;Smok Życia;Ninjago;419.99;zweryfikowane;
71860;Tytanowy mech Lloyda — 15. rocznica;Ninjago;559.99;katalog (niepewne);
71861;Stare miasto - 15-lecie;Ninjago;1299.99;zweryfikowane;
71862;Smoczy mech Lloyda — Zestaw bitewny;Ninjago;41.99;zweryfikowane;
71863;Zilvar i smocza bestia Grimtak;Ninjago;81.99;zweryfikowane;
71864;Wielofunkcyjne pojazdy Kaia i Cole’a;Ninjago;124.99;zweryfikowane;
71865;Bitwa lodowego smoka Zane'a;Ninjago;169.99;zweryfikowane;
71866;Ozdoba z postaciami Ninja — 15-lecie;Ninjago;169.99;katalog (niepewne);
71867;Ninjaścigacz X-1 — 15-lecie;Ninjago;339.99;zweryfikowane;
71868;Transformujący smoczy mech Wyldfyre;Ninjago;379.99;zweryfikowane;
71869;Perła Lądu;Ninjago;559.99;zweryfikowane;
71870;Bliźniacze tytanowe mechy;Ninjago;599.99;zweryfikowane;
71871;Bitwa o Smocze Ostrze;Ninjago;379.99;zweryfikowane;
71872;Bitwa z ultrasmokiem;Ninjago;869.99;zweryfikowane;
40463;Zajączek wielkanocny;Seasonal;69.99;katalog (niepewne);
40499;Sanie Świętego Mikołaja;Seasonal;174.99;katalog (niepewne);
40570;Kot i mysz na Halloween;Seasonal;59.99;katalog (niepewne);
40573;Choinka;Seasonal;189.99;katalog (niepewne);
40638;Ozdoba w kształcie serca;Seasonal;54.99;katalog (niepewne);
40678;Kalendarz festiwalowy;Seasonal;129.99;katalog (niepewne);
40709;Wiosenny plac zabaw dla zwierzątek;Seasonal;54.99;katalog (niepewne);
40721;Halloweenowa stodoła;Seasonal;64.99;katalog (niepewne);
40743;Świąteczna dekoracja stołu;Seasonal;174.99;katalog (niepewne);
40744;Kolekcja ozdób świątecznych;Seasonal;54.99;katalog (niepewne);
40746;Ciężarówka Świętego Mikołaja;Seasonal;84.99;katalog (niepewne);
40807;Urodzinowe cyferki;Seasonal;81.99;katalog (niepewne);
40808;Poszukiwanie pisanek z zajączkiem i kurczakiem;Seasonal;54.99;katalog (niepewne);
40809;Świąteczna chatka z piernika;Seasonal;174.99;katalog (niepewne);
40811;Ołtarz Día De Los Muertos;Seasonal;64.99;katalog (niepewne);
40812;Ozdoby z bałwankami;Seasonal;54.99;katalog (niepewne);
40813;Japoński kot szczęścia;Seasonal;124.99;katalog (niepewne);
40815;Tort na przyjęcie urodzinowe;Seasonal;64.99;katalog (niepewne);
40816;Dekoracyjna Pisanka;Seasonal;84.99;katalog (niepewne);
40820;Powiększona minifigurka Świętego Mikołaja;Seasonal;249.99;katalog (niepewne);
40822;Dyniowy pickup;Seasonal;64.99;katalog (niepewne);
40824;Uroczy kanarek Tweety;Seasonal;144.99;katalog (niepewne);
40825;Wieniec na Halloween;Seasonal;169.99;katalog (niepewne);
40864;Mistrz Szczęścia;Seasonal;124.99;katalog (niepewne);
40867;Litery pełne miłości;Seasonal;84.99;katalog (niepewne);
40872;Halloweenowa latarnia z dyni;Seasonal;124.99;zweryfikowane;
40873;Kolorowy lampion;Seasonal;81.99;zweryfikowane;
40883;Halloweenowa czaszka ze świecą;Seasonal;81.99;zweryfikowane;
40886;Zakochane pingwiny;Seasonal;64.99;katalog (niepewne);
40890;Wielkanocne dekoracje;Seasonal;;BRAK;
40915;Taniec lwa;Seasonal;124.99;katalog (niepewne);
40920;Królik Bugs;Seasonal;169.99;katalog (niepewne);
40957;Wiosenny wieniec;Seasonal;219.99;katalog (niepewne);
40958;Świąteczna skarpeta;Seasonal;144.99;zweryfikowane;
80118;Chińska petarda noworoczna;Seasonal;359.99;katalog (niepewne);
80120;Chinese Festivals Karp przeskakujący przez Smoczą Bramę;Seasonal;209.99;zweryfikowane;
80121;Chinese Festivals Stary zajazd;Seasonal;469.99;zweryfikowane;
30709;Ferrari 499P – hipersamochód;Speed Champions;16.99;katalog (niepewne);
30734;Mały bolid F1 ACADEMY;Speed Champions;29.99;katalog (niepewne);
76900;Koenigsegg Jesko;Speed Champions;99.99;katalog (niepewne);
76901;Toyota GR Supra;Speed Champions;89.99;katalog (niepewne);
76906;1970 Ferrari 512 M;Speed Champions;99.99;katalog (niepewne);
76907;Lotus Evija;Speed Champions;99.99;katalog (niepewne);
76917;Nissan Skyline GT-R (R34) z filmu „Za szybcy, za wściekli";Speed Champions;109.99;katalog (niepewne);
76919;Samochód wyścigowy McLaren Formula 1 wersja 2023;Speed Champions;119.99;katalog (niepewne);
76920;Sportowy Ford Mustang Dark Horse;Speed Champions;119.99;katalog (niepewne);
76921;Wyścigowe Audi S1 E-tron Quattro;Speed Champions;119.99;katalog (niepewne);
76922;Samochody wyścigowe BMW M4 GT3 & BMW M Hybrid V8;Speed Champions;214.99;katalog (niepewne);
76923;Luksusowe Lamborghini Lambo V12 Vision GT;Speed Champions;119.99;katalog (niepewne);
76924;Mercedes-AMG G 63 i Mercedes-AMG SL 63;Speed Champions;209.99;katalog (niepewne);
76925;Samochód bezpieczeństwa Aston Martin i AMR23;Speed Champions;214.99;katalog (niepewne);
76934;Supersamochód Ferrari F40;Speed Champions;119.99;katalog (niepewne);
76935;NASCAR Next Gen Chevrolet Camaro ZL1;Speed Champions;119.99;katalog (niepewne);
77237;Samochód sportowy Dodge Challenger SRT Hellcat;Speed Champions;114.99;katalog (niepewne);
77238;Lamborghini Revuelto i Huracán STO;Speed Champions;209.99;katalog (niepewne);
77239;Supersamochód Porsche 911 GT3 RS;Speed Champions;114.99;katalog (niepewne);
77240;Hipersamochód Bugatti Centodieci;Speed Champions;114.99;katalog (niepewne);
77241;Honda S2000 z filmu Za szybcy, za wściekli;Speed Champions;114.99;katalog (niepewne);
77242;Bolid F1 Ferrari SF-24;Speed Champions;114.99;katalog (niepewne);
77243;Bolid F1 Oracle Red Bull Racing RB20;Speed Champions;114.99;katalog (niepewne);
77244;Bolid F1 Mercedes-AMG W15;Speed Champions;114.99;katalog (niepewne);
77245;Bolid F1 Aston Martin Aramco AMR24;Speed Champions;114.99;katalog (niepewne);
77246;Bolid F1 Visa Cash App RB VCARB 01;Speed Champions;119.99;katalog (niepewne);
77247;Bolid F1 KICK Sauber Team C44;Speed Champions;119.99;katalog (niepewne);
77248;Bolid F1 BWT Alpine Team A524;Speed Champions;114.99;katalog (niepewne);
77249;Bolid F1 Williams Racing FW46;Speed Champions;119.99;katalog (niepewne);
77250;Bolid F1 MoneyGram Haas Team VF-24;Speed Champions;114.99;katalog (niepewne);
77251;Bolid F1 McLaren Team MCL38;Speed Champions;114.99;katalog (niepewne);
77252;F1: film — APXGP Team Race Car;Speed Champions;114.99;katalog (niepewne);
77253;Hipersamochód sportowy Bugatti Vision GT;Speed Champions;114.99;katalog (niepewne);
77254;Samochód sportowy Ferrari SF90 XX Stradale;Speed Champions;114.99;katalog (niepewne);
77255;Zygzak McQueen;Speed Champions;114.99;katalog (niepewne);
77256;Wehikuł czasu z Powrotu do przyszłości;Speed Champions;114.99;zweryfikowane;
77257;McLaren W1;Speed Champions;114.99;katalog (niepewne);
77258;Bolid F1 ACADEMY LEGO;Speed Champions;114.99;katalog (niepewne);
77259;Bolid Audi Revolut F1 Team R26;Speed Champions;114.99;katalog (niepewne);
77260;Szybcy i wściekli Toyota Supra MK4;Speed Champions;114.99;zweryfikowane;
77261;Ferrari 499P;Speed Champions;114.99;zweryfikowane;
77262;65 Ford Mustang Hoonicorn V1 Kena Blocka;Speed Champions;114.99;zweryfikowane;
77263;BMW M3 (E30);Speed Champions;114.99;zweryfikowane;
77264;Jaguar Project 7 i Land Rover Defender;Speed Champions;234.99;zweryfikowane;
30685;Minimodel TIE Interceptor;Star Wars;;BRAK;
30708;Minimodel Sokoła Millennium;Star Wars;16.99;katalog (niepewne);
30727;Minimodel TIE Advanced;Star Wars;16.99;katalog (niepewne);
30728;Minimodel Brzeszczota;Star Wars;;BRAK;
40806;Piernikowa maszyna krocząca AT-AT;Star Wars;249.99;katalog (niepewne);
75119;Sergeant Jyn Erso;Star Wars;99.99;katalog (niepewne);
75192;Sokół Millennium;Star Wars;3599.99;katalog (niepewne);
75328;Hełm Mandalorianina;Star Wars;309.99;katalog (niepewne);
75329;Diorama: Szturm na Gwiazdę Śmierci;Star Wars;329.99;katalog (niepewne);
75333;Myśliwiec Jedi Obi-Wana Kenobiego;Star Wars;144.99;katalog (niepewne);
75345;Zestaw bitewny — żołnierze-klony z 501. legionu;Star Wars;81.99;katalog (niepewne);
75347;Bombowiec TIE;Star Wars;274.99;zweryfikowane;
75348;Mandaloriański myśliwiec Fang Fighter kontra TIE Interceptor;Star Wars;439.99;katalog (niepewne);
75356;Gwiezdny superniszczyciel typu Executor;Star Wars;299.99;katalog (niepewne);
75358;Świątynia Jedi na Tenoo;Star Wars;184.99;katalog (niepewne);
75364;E-Wing Nowej Republiki kontra Myśliwiec Shin Hati;Star Wars;469.99;katalog (niepewne);
75367;Gwiezdny Niszczyciel typu Venator;Star Wars;2799.99;katalog (niepewne);
75371;Chewbacca;Star Wars;929.99;katalog (niepewne);
75372;Zestaw bitewny z żołnierzem armii klonów i droidem bojowym;Star Wars;124.99;katalog (niepewne);
75373;Zasadzka na Mandalorze — zestaw bitewny;Star Wars;89.99;katalog (niepewne);
75374;Onyx Cinder;Star Wars;619.99;katalog (niepewne);
75375;Sokół Millennium;Star Wars;359.99;katalog (niepewne);
75376;Tantive IV;Star Wars;349.99;katalog (niepewne);
75378;Ucieczka na śmigaczu BARC;Star Wars;129.99;katalog (niepewne);
75379;R2-D2;Star Wars;419.99;katalog (niepewne);
75380;Diorama: Wyścig ścigaczy w Mos Espa;Star Wars;349.99;katalog (niepewne);
75384;Karmazynowy Jastrząb;Star Wars;249.99;katalog (niepewne);
75388;Myśliwiec rycerza Jedi Boba;Star Wars;169.99;katalog (niepewne);
75389;Mroczny Sokół Millennium;Star Wars;779.99;katalog (niepewne);
75391;Mikromyśliwiec Y-Wing kapitana Rexa;Star Wars;54.99;katalog (niepewne);
75393;Hybryda TIE Fightera i X-Winga;Star Wars;479.99;katalog (niepewne);
75396;Pustynna barka i jama sarlacca;Star Wars;349.99;katalog (niepewne);
75397;Barka Jabby;Star Wars;2149.99;katalog (niepewne);
75398;C-3PO;Star Wars;599.99;katalog (niepewne);
75399;Myśliwiec U-Wing Rebelii;Star Wars;299.99;katalog (niepewne);
75400;Mikromyśliwiec Jedi Plo Koona;Star Wars;61.99;katalog (niepewne);
75401;Interceptor Jedi Ahsoki;Star Wars;189.99;zweryfikowane;
75402;Myśliwiec ARC-170;Star Wars;299.99;katalog (niepewne);
75403;Grogu w wózku;Star Wars;419.99;katalog (niepewne);
75404;Krążownik szturmowy typu Acclamator;Star Wars;209.99;zweryfikowane;
75405;Krążownik typu Home One;Star Wars;299.99;katalog (niepewne);
75407;Logo Star Wars zbudowane z klocków;Star Wars;299.99;katalog (niepewne);
75408;Hełm Jango Fetta;Star Wars;339.99;katalog (niepewne);
75409;Patrolowiec typu Firespray Jango Fetta;Star Wars;1299.99;katalog (niepewne);
75410;Myśliwiec N-1 Mando i Grogu;Star Wars;124.99;katalog (niepewne);
75411;Mech Dartha Maula;Star Wars;61.99;katalog (niepewne);
75412;Szturmowiec Śmierci i nocny szturmowiec — zestaw bitewny;Star Wars;81.99;katalog (niepewne);
75413;Czołg Republiki Juggernaut;Star Wars;649.99;katalog (niepewne);
75414;Płomienny śmigacz śnieżny;Star Wars;209.99;katalog (niepewne);
75416;Droid astromechaniczny Chopper (C1-10P);Star Wars;469.99;katalog (niepewne);
75417;Maszyna krocząca AT-ST;Star Wars;869.99;katalog (niepewne);
75418;Kalendarz adwentowy na 2025 rok;Star Wars;149.99;katalog (niepewne);
75420;SMART Play: Śmigacz Luke'a;Star Wars;169.99;katalog (niepewne);
75421;SMART Play: Myśliwiec TIE Dartha Vadera;Star Wars;299.99;katalog (niepewne);
75422;SMART Play: Chatka Yody i szkolenie Jedi;Star Wars;299.99;katalog (niepewne);
75423;SMART Play: X-Wing Czerwona Piątka Luke'a;Star Wars;379.99;katalog (niepewne);
75424;SMART Play: Atak AT-ST na Endor;Star Wars;209.99;katalog (niepewne);
75425;SMART Play: Kantyna Mos Eisley;Star Wars;339.99;katalog (niepewne);
75426;SMART Play: Sokół Millennium;Star Wars;419.99;zweryfikowane;
75427;SMART Play: Pojedynek w sali tronowej i A-Wing;Star Wars;689.99;katalog (niepewne);
75431;Zestaw bitewny — żołnierze-klony z 327. korpusu galaktycznego;Star Wars;169.99;katalog (niepewne);
75432;Myśliwiec V-19 Torrent;Star Wars;274.99;katalog (niepewne);
75433;Statek kosmiczny Jango Fetta;Star Wars;299.99;katalog (niepewne);
75434;Droid strażniczy K-2SO;Star Wars;379.99;katalog (niepewne);
75436;Śmigacz Mandalorianina i Grogu;Star Wars;41.99;katalog (niepewne);
75437;Śmigacz Cobba Vantha;Star Wars;124.99;katalog (niepewne);
75438;Popiersie Yody;Star Wars;169.99;katalog (niepewne);
75439;Popiersie Dartha Vadera;Star Wars;209.99;katalog (niepewne);
75440;AT-AT;Star Wars;274.99;katalog (niepewne);
75441;Krążownik szturmowy typu Venator;Star Wars;339.99;katalog (niepewne);
75442;Myśliwiec N-1 Mandalorianina;Star Wars;1079.99;zweryfikowane;
75443;Dom Grogu;Star Wars;84.99;katalog (niepewne);
75444;Atak AT-RT;Star Wars;189.99;katalog (niepewne);
75445;Anzellański statek gwiezdny;Star Wars;319.99;katalog (niepewne);
75446;Grogu (uczeń Mandalorianina);Star Wars;559.99;katalog (niepewne);
75447;Brzeszczot;Star Wars;649.99;zweryfikowane;
75448;Mech klona Shock Troopera;Star Wars;62.99;katalog (niepewne);
75449;Oblężenie Mandalory — zestaw bitewny;Star Wars;81.99;katalog (niepewne);
75451;Starcie z droidem wartowniczym w pałacu Huttów;Star Wars;209.99;zweryfikowane;
75452;Droid astromechaniczny BB-8;Star Wars;379.99;katalog (niepewne);
75453;Piaskoczołg wędrownych Jawów i bagnorożec;Star Wars;869.99;zweryfikowane;
75454;AT-AT Resztek Imperium i INT-4;Star Wars;689.99;zweryfikowane;
75455;Boba Fett;Star Wars;729.99;zweryfikowane;
75456;LEGO Star Wars Kalendarz adwentowy na 2026 rok;Star Wars;144.99;zweryfikowane;
75458;Hełm kierowcy AT-RT Resztek Imperium;Star Wars;299.99;zweryfikowane;
75459;Imperialny prom typu Lambda;Star Wars;649.99;zweryfikowane;
75460;Myśliwiec X-Wing Nowej Republiki;Star Wars;299.99;katalog (niepewne);
75461;Powiększona minifigurka Dartha Vadera;Star Wars;419.99;zweryfikowane;
30702;Mario Kart - Toad (Pit Crew);Super Mario;16.99;katalog (niepewne);
71388;Boss Sumo Bro i przewracana wieża - zestaw dodatkowy;Super Mario;139.99;katalog (niepewne);
71390;Walka z Reznorami - zestaw dodatkowy;Super Mario;329.99;katalog (niepewne);
71404;But Goomby - zestaw rozszerzający;Super Mario;45.99;katalog (niepewne);
71405;Salta Fuzzy’ego - zestaw rozszerzający;Super Mario;119.99;katalog (niepewne);
71406;Dom prezentów Yoshiego - zestaw rozszerzający;Super Mario;159.99;katalog (niepewne);
71407;Cat Peach i lodowa wieża - zestaw rozszerzający;Super Mario;329.99;katalog (niepewne);
71408;Zamek Peach - zestaw rozszerzający;Super Mario;579.99;katalog (niepewne);
71409;Big Spike i chmury - zestaw rozszerzający;Super Mario;329.99;katalog (niepewne);
71414;Conkdor's Noggin Bopper - zestaw rozszerzający;Super Mario;69.99;katalog (niepewne);
71417;Śniegowa przygoda Fliprusa - zestaw rozszerzający;Super Mario;299.99;katalog (niepewne);
71418;Kreatywna skrzyneczka - zestaw twórcy;Super Mario;279.99;katalog (niepewne);
71420;Nosorożec Rambi - zestaw rozszerzający;Super Mario;42.99;katalog (niepewne);
71421;Dżunglowy koncert Dixie Kong - zestaw rozszerzający;Super Mario;119.99;katalog (niepewne);
71422;Piknik w domu Mario - zestaw rozszerzający;Super Mario;169.99;katalog (niepewne);
71424;Domek na drzewie Donkey Konga - zestaw rozszerzający;Super Mario;289.99;katalog (niepewne);
71425;Przejażdżka wagonikiem Diddy Konga - zestaw rozszerzający;Super Mario;469.99;katalog (niepewne);
71426;Kwiatek Pirania;Super Mario;289.99;katalog (niepewne);
71438;World: Mario i Yoshi;Super Mario;579.99;katalog (niepewne);
71439;Przygody z interaktywną figurką Mario;Super Mario;219.99;katalog (niepewne);
71440;Przygody z interaktywną figurką Luigi;Super Mario;219.99;katalog (niepewne);
71441;Przygody z interaktywną figurką Peach;Super Mario;219.99;katalog (niepewne);
72031;Mario Kart - Yoshi Bike;Super Mario;64.99;katalog (niepewne);
72032;Mario Kart - Standard Kart;Super Mario;89.99;katalog (niepewne);
72034;Mario kart - baby Mario kontra baby Luigi;Super Mario;129.99;katalog (niepewne);
72035;Mario kart - Toad i jego garaż;Super Mario;174.99;katalog (niepewne);
72036;Mario kart - zestaw baby Peach i Grand Prix;Super Mario;349.99;katalog (niepewne);
72037;Mario Kart: Mario i Standard Kart;Super Mario;729.99;katalog (niepewne);
72038;Mario Kart - Wario i King Boo;Super Mario;219.99;katalog (niepewne);
72039;Mario Kart - Bowser i jego zamek;Super Mario;449.99;katalog (niepewne);
72040;Captain Toad i obóz;Super Mario;64.99;katalog (niepewne);
72041;Toad i domówka;Super Mario;129.99;katalog (niepewne);
72042;Prince Florian i Castle Bowser;Super Mario;449.99;katalog (niepewne);
72043;Mario Kart - Interaktywna figurka Mario i Standard Kart;Super Mario;;BRAK;
72046;Game Boy;Super Mario;;BRAK;
72050;Mario Kart - Luigi i Mach 8;Super Mario;;BRAK;
72051;Automat do gry Donkey Kong;Super Mario;;zweryfikowane;
30710;Miniładowarka;Technic;16.99;katalog (niepewne);
30735;Hot Rod;Technic;;BRAK;
30736;Biały wodnosamolot;Technic;16.99;katalog (niepewne);
42115;Lamborghini Sian FKP 37;Technic;1949.99;katalog (niepewne);
42129;Ciężarówka Mercedes-Benz Zetros z napędem na 4 koła;Technic;1549.99;katalog (niepewne);
42130;BMW M 1000 RR;Technic;1079.99;zweryfikowane;
42137;Formula E Porsche 99X Electric;Technic;239.99;katalog (niepewne);
42141;Samochód wyścigowy McLaren Formula 1;Technic;849.99;katalog (niepewne);
42143;Ferrari Daytona SP3;Technic;1949.99;zweryfikowane;
42146;Liebherr LR 13000;Technic;2899.99;katalog (niepewne);
42151;Bolid Bugatti;Technic;214.99;zweryfikowane;
42154;Ford GT, wersja z 2022 roku;Technic;519.99;katalog (niepewne);
42156;PEUGEOT 9X8 24H Le Mans Hybrid Hypercar;Technic;869.99;katalog (niepewne);
42157;Ciągnik zrywkowy John Deere 948L-II;Technic;849.99;katalog (niepewne);
42158;NASA Mars Rover Perseverance;Technic;419.99;zweryfikowane;
42160;Audi RS Q e-tron;Technic;729.99;katalog (niepewne);
42161;Lamborghini Huracán Tecnica;Technic;219.99;zweryfikowane;
42163;Buldożer do zadań specjalnych;Technic;42.99;katalog (niepewne);
42164;Wyścigowy łazik terenowy;Technic;64.99;zweryfikowane;
42165;Mercedes-AMG F1 W14 E Performance Pull-Back;Technic;119.99;katalog (niepewne);
42166;NEOM McLaren Extreme E Race;Technic;119.99;katalog (niepewne);
42167;Śmieciarka Mack LR Electric;Technic;144.99;zweryfikowane;
42169;NEOM McLaren Formula E Race Car;Technic;229.99;katalog (niepewne);
42170;Motocykl Kawasaki Ninja H2R;Technic;349.99;katalog (niepewne);
42171;Mercedes-AMG F1 W14 E Performance;Technic;949.99;katalog (niepewne);
42172;McLaren P1;Technic;1949.99;katalog (niepewne);
42173;Szary hipersamochód Koenigsegg Jesko Absolut;Technic;219.99;katalog (niepewne);
42174;Jacht Emirates Team New Zealand AC75;Technic;529.99;katalog (niepewne);
42175;Ciężarówka Volvo FMX i koparka EC230 Electric;Technic;869.99;katalog (niepewne);
42176;Samochód wyścigowy Porsche GT4 e-Performance;Technic;729.99;katalog (niepewne);
42177;Mercedes-Benz G 500 PROFESSIONAL Line 4x4;Technic;1079.99;katalog (niepewne);
42178;Kosmiczna ładowarka LT78;Technic;149.99;katalog (niepewne);
42179;Planeta Ziemia i Księżyc na orbicie;Technic;349.99;katalog (niepewne);
42182;NASA Apollo - pojazd LRV;Technic;949.99;katalog (niepewne);
42196;Pomarańczowe Lamborghini Huracán Tecnica;Technic;229.99;katalog (niepewne);
42197;Koparko-ładowarka;Technic;41.99;katalog (niepewne);
42198;Samolot transportowy;Technic;114.99;katalog (niepewne);
42199;Monster Jam DIGatron;Technic;114.99;katalog (niepewne);
42200;Monster Jam ThunderROARus z napędem typu pull-back;Technic;114.99;katalog (niepewne);
42201;Badawcza łódź podwodna;Technic;169.99;katalog (niepewne);
42202;Motocykl Ducati Panigale V4 S;Technic;869.99;katalog (niepewne);
42203;Wywrotka z przechylaną skrzynią;Technic;209.99;katalog (niepewne);
42204;Fast and Furious Toyota Supra MK4;Technic;249.99;katalog (niepewne);
42205;Chevrolet Corvette Stingray;Technic;249.99;katalog (niepewne);
42206;Bolid F1 Oracle Red Bull Racing RB20;Technic;999.99;katalog (niepewne);
42207;Bolid F1 Samochód Ferrari SF-24;Technic;999.99;katalog (niepewne);
42208;Aston Martin Valkyrie;Technic;249.99;katalog (niepewne);
42209;Ładowarka kołowa Volvo L120 Electric;Technic;419.99;katalog (niepewne);
42210;Samochód Nissan Skyline GT-R;Technic;599.99;katalog (niepewne);
42211;Kosmiczny łazik księżycowy Lunar Outpost;Technic;439.99;katalog (niepewne);
42212;Ferrari FXX K;Technic;249.99;katalog (niepewne);
42213;SUV Ford Bronco;Technic;249.99;katalog (niepewne);
42214;Supersamochód Lamborghini Revuelto;Technic;779.99;katalog (niepewne);
42215;Koparka Volvo EC500 Hybrid;Technic;1699.99;katalog (niepewne);
42218;Harwester kołowy John Deere 1470H;Technic;41.99;katalog (niepewne);
42219;Monster Jam Grave Digger Ogień i lód;Technic;124.99;katalog (niepewne);
42220;Monster Jam Sparkle Smash z napędem typu pull-back;Technic;124.99;katalog (niepewne);
42221;Rakieta SLS NASA Artemis;Technic;249.99;katalog (niepewne);
42222;Hipersamochód Bugatti Chiron Pur Sport;Technic;274.99;katalog (niepewne);
42223;Samochód wyścigowy 1966 Ford GT40 MKII;Technic;319.99;katalog (niepewne);
42224;Samochód Porsche 911 GT3 R Rexy AO Racing;Technic;599.99;katalog (niepewne);
42225;Żółty motocykl;Technic;41.99;katalog (niepewne);
42226;Samochód wyścigowy BMW M4 GT3 EVO;Technic;274.99;katalog (niepewne);
42227;SUV Jeep Wrangler Rubicon;Technic;274.99;katalog (niepewne);
42228;Bolid McLaren MCL39 F1;Technic;999.99;zweryfikowane;
42229;Samochód Fast and Furious Mitsubishi Eclipse;Technic;274.99;zweryfikowane;
42231;Samochód Fast and Furious Dodge Charger R/T;Technic;649.99;zweryfikowane;
42232;Koenigsegg Sadair's Spear Megacar;Technic;1949.99;zweryfikowane;
42233;Potężne maszyny - Seria 1;Technic;20.99;zweryfikowane;
42234;Samochód sportowy Dodge Viper GTS-R;Technic;274.99;zweryfikowane;
42235;Samochód Ferrari 488 PISTA;Technic;274.99;zweryfikowane;
42236;Warsztat tuningowy: samochód Ford Mustang GT;Technic;379.99;zweryfikowane;
42238;Motocykl Ducati Desmo450 MX Factory;Technic;209.99;zweryfikowane;
42239;Batmobile Tumbler;Technic;819.99;zweryfikowane;
42240;Bolid F1 Aston Martin Aramco AMR25;Technic;999.99;zweryfikowane;
42241;Zielony hipersamochód Bugatti Chiron Pur Sport;Technic;274.99;zweryfikowane;
42242;Mercedes-Benz Unimog U 5023 z dźwigiem;Technic;519.99;zweryfikowane;
40916;Kwiatowa ramka na zdjęcia;Botanicals;;BRAK;
12010;City World Builder parts;City;;BRAK;
12011;City World Builder parts;City;;BRAK;
40857;{?};Disney;;BRAK;
10481;{?};DUPLO;;BRAK;
21371;Wallace & Gromit;Ideas;;BRAK;
21375;Godzilla;Ideas;;BRAK;
40895;{?};Jurassic World;;BRAK;
40862;{?};Seasonal;;BRAK;
40863;Wielkanocny kosz z pisankami;Seasonal;62.99;katalog (niepewne);
40865;{?};Seasonal;;BRAK;
40866;{?};Seasonal;;BRAK;
40871;Pudełko prezentowe na każdą okazję;Seasonal;81.99;katalog (niepewne);
40874;{?};Seasonal;;BRAK;
40875;{?};Seasonal;;BRAK;
40905;Urodzinowa babeczka;Seasonal;64.99;katalog (niepewne);
80119;Obraz z galopującymi końmi;Seasonal;419.99;katalog (niepewne);
